==1529== NVPROF is profiling process 1529, command: ./matrixMul_org
==1529== Profiling application: ./matrixMul_org
==1529== Profiling result:
"Start","Duration","Grid X","Grid Y","Grid Z","Block X","Block Y","Block Z","Registers Per Thread","Static SMem","Dynamic SMem","Size","Throughput","SrcMemType","DstMemType","Device","Context","Stream","Name","Correlation_ID"
ms,us,,,,,,,,KB,B,KB,GB/s,,,,,,,
377.998584,35.521000,,,,,,,,,,400.000000,10.739273,"Pageable","Device","Quadro P6000 (0)","1","7","[CUDA memcpy HtoD]",215
378.141532,68.482000,,,,,,,,,,800.000000,11.140730,"Pageable","Device","Quadro P6000 (0)","1","7","[CUDA memcpy HtoD]",216
378.213470,95.939000,20,10,1,32,32,1,30,8.000000,0,,,,,"Quadro P6000 (0)","1","7","void matrixMulCUDA<int=32>(float*, float*, float*, int, int)",217
378.332354,93.315000,20,10,1,32,32,1,30,8.000000,0,,,,,"Quadro P6000 (0)","1","7","void matrixMulCUDA<int=32>(float*, float*, float*, int, int)",222
378.426181,92.867000,20,10,1,32,32,1,30,8.000000,0,,,,,"Quadro P6000 (0)","1","7","void matrixMulCUDA<int=32>(float*, float*, float*, int, int)",223
378.519592,93.058000,20,10,1,32,32,1,30,8.000000,0,,,,,"Quadro P6000 (0)","1","7","void matrixMulCUDA<int=32>(float*, float*, float*, int, int)",224
378.613162,93.219000,20,10,1,32,32,1,30,8.000000,0,,,,,"Quadro P6000 (0)","1","7","void matrixMulCUDA<int=32>(float*, float*, float*, int, int)",225
378.706925,92.547000,20,10,1,32,32,1,30,8.000000,0,,,,,"Quadro P6000 (0)","1","7","void matrixMulCUDA<int=32>(float*, float*, float*, int, int)",226
378.799984,92.611000,20,10,1,32,32,1,30,8.000000,0,,,,,"Quadro P6000 (0)","1","7","void matrixMulCUDA<int=32>(float*, float*, float*, int, int)",227
378.893107,92.483000,20,10,1,32,32,1,30,8.000000,0,,,,,"Quadro P6000 (0)","1","7","void matrixMulCUDA<int=32>(float*, float*, float*, int, int)",228
378.986102,92.770000,20,10,1,32,32,1,30,8.000000,0,,,,,"Quadro P6000 (0)","1","7","void matrixMulCUDA<int=32>(float*, float*, float*, int, int)",229
379.079384,93.315000,20,10,1,32,32,1,30,8.000000,0,,,,,"Quadro P6000 (0)","1","7","void matrixMulCUDA<int=32>(float*, float*, float*, int, int)",230
379.173211,92.707000,20,10,1,32,32,1,30,8.000000,0,,,,,"Quadro P6000 (0)","1","7","void matrixMulCUDA<int=32>(float*, float*, float*, int, int)",231
379.266334,92.419000,20,10,1,32,32,1,30,8.000000,0,,,,,"Quadro P6000 (0)","1","7","void matrixMulCUDA<int=32>(float*, float*, float*, int, int)",232
379.359265,92.995000,20,10,1,32,32,1,30,8.000000,0,,,,,"Quadro P6000 (0)","1","7","void matrixMulCUDA<int=32>(float*, float*, float*, int, int)",233
379.452804,92.674000,20,10,1,32,32,1,30,8.000000,0,,,,,"Quadro P6000 (0)","1","7","void matrixMulCUDA<int=32>(float*, float*, float*, int, int)",234
379.546023,92.322000,20,10,1,32,32,1,30,8.000000,0,,,,,"Quadro P6000 (0)","1","7","void matrixMulCUDA<int=32>(float*, float*, float*, int, int)",235
379.638793,93.059000,20,10,1,32,32,1,30,8.000000,0,,,,,"Quadro P6000 (0)","1","7","void matrixMulCUDA<int=32>(float*, float*, float*, int, int)",236
379.732396,92.515000,20,10,1,32,32,1,30,8.000000,0,,,,,"Quadro P6000 (0)","1","7","void matrixMulCUDA<int=32>(float*, float*, float*, int, int)",237
379.825487,92.867000,20,10,1,32,32,1,30,8.000000,0,,,,,"Quadro P6000 (0)","1","7","void matrixMulCUDA<int=32>(float*, float*, float*, int, int)",238
379.918866,92.227000,20,10,1,32,32,1,30,8.000000,0,,,,,"Quadro P6000 (0)","1","7","void matrixMulCUDA<int=32>(float*, float*, float*, int, int)",239
380.011637,92.866000,20,10,1,32,32,1,30,8.000000,0,,,,,"Quadro P6000 (0)","1","7","void matrixMulCUDA<int=32>(float*, float*, float*, int, int)",240
380.105079,92.995000,20,10,1,32,32,1,30,8.000000,0,,,,,"Quadro P6000 (0)","1","7","void matrixMulCUDA<int=32>(float*, float*, float*, int, int)",241
380.198586,92.579000,20,10,1,32,32,1,30,8.000000,0,,,,,"Quadro P6000 (0)","1","7","void matrixMulCUDA<int=32>(float*, float*, float*, int, int)",242
380.291741,92.675000,20,10,1,32,32,1,30,8.000000,0,,,,,"Quadro P6000 (0)","1","7","void matrixMulCUDA<int=32>(float*, float*, float*, int, int)",243
380.384992,92.899000,20,10,1,32,32,1,30,8.000000,0,,,,,"Quadro P6000 (0)","1","7","void matrixMulCUDA<int=32>(float*, float*, float*, int, int)",244
380.478403,92.226000,20,10,1,32,32,1,30,8.000000,0,,,,,"Quadro P6000 (0)","1","7","void matrixMulCUDA<int=32>(float*, float*, float*, int, int)",245
380.571109,92.771000,20,10,1,32,32,1,30,8.000000,0,,,,,"Quadro P6000 (0)","1","7","void matrixMulCUDA<int=32>(float*, float*, float*, int, int)",246
380.664392,93.155000,20,10,1,32,32,1,30,8.000000,0,,,,,"Quadro P6000 (0)","1","7","void matrixMulCUDA<int=32>(float*, float*, float*, int, int)",247
380.758091,92.419000,20,10,1,32,32,1,30,8.000000,0,,,,,"Quadro P6000 (0)","1","7","void matrixMulCUDA<int=32>(float*, float*, float*, int, int)",248
380.851022,92.547000,20,10,1,32,32,1,30,8.000000,0,,,,,"Quadro P6000 (0)","1","7","void matrixMulCUDA<int=32>(float*, float*, float*, int, int)",249
380.944081,93.090000,20,10,1,32,32,1,30,8.000000,0,,,,,"Quadro P6000 (0)","1","7","void matrixMulCUDA<int=32>(float*, float*, float*, int, int)",250
381.037715,92.579000,20,10,1,32,32,1,30,8.000000,0,,,,,"Quadro P6000 (0)","1","7","void matrixMulCUDA<int=32>(float*, float*, float*, int, int)",251
381.130806,92.675000,20,10,1,32,32,1,30,8.000000,0,,,,,"Quadro P6000 (0)","1","7","void matrixMulCUDA<int=32>(float*, float*, float*, int, int)",252
381.224025,92.515000,20,10,1,32,32,1,30,8.000000,0,,,,,"Quadro P6000 (0)","1","7","void matrixMulCUDA<int=32>(float*, float*, float*, int, int)",253
381.317052,92.867000,20,10,1,32,32,1,30,8.000000,0,,,,,"Quadro P6000 (0)","1","7","void matrixMulCUDA<int=32>(float*, float*, float*, int, int)",254
381.410367,92.674000,20,10,1,32,32,1,30,8.000000,0,,,,,"Quadro P6000 (0)","1","7","void matrixMulCUDA<int=32>(float*, float*, float*, int, int)",255
381.503521,92.771000,20,10,1,32,32,1,30,8.000000,0,,,,,"Quadro P6000 (0)","1","7","void matrixMulCUDA<int=32>(float*, float*, float*, int, int)",256
381.596836,92.963000,20,10,1,32,32,1,30,8.000000,0,,,,,"Quadro P6000 (0)","1","7","void matrixMulCUDA<int=32>(float*, float*, float*, int, int)",257
381.690311,93.187000,20,10,1,32,32,1,30,8.000000,0,,,,,"Quadro P6000 (0)","1","7","void matrixMulCUDA<int=32>(float*, float*, float*, int, int)",258
381.784010,92.835000,20,10,1,32,32,1,30,8.000000,0,,,,,"Quadro P6000 (0)","1","7","void matrixMulCUDA<int=32>(float*, float*, float*, int, int)",259
381.877357,92.450000,20,10,1,32,32,1,30,8.000000,0,,,,,"Quadro P6000 (0)","1","7","void matrixMulCUDA<int=32>(float*, float*, float*, int, int)",260
381.970319,92.547000,20,10,1,32,32,1,30,8.000000,0,,,,,"Quadro P6000 (0)","1","7","void matrixMulCUDA<int=32>(float*, float*, float*, int, int)",261
382.063378,92.579000,20,10,1,32,32,1,30,8.000000,0,,,,,"Quadro P6000 (0)","1","7","void matrixMulCUDA<int=32>(float*, float*, float*, int, int)",262
382.156469,92.195000,20,10,1,32,32,1,30,8.000000,0,,,,,"Quadro P6000 (0)","1","7","void matrixMulCUDA<int=32>(float*, float*, float*, int, int)",263
382.249208,92.675000,20,10,1,32,32,1,30,8.000000,0,,,,,"Quadro P6000 (0)","1","7","void matrixMulCUDA<int=32>(float*, float*, float*, int, int)",264
382.342459,92.930000,20,10,1,32,32,1,30,8.000000,0,,,,,"Quadro P6000 (0)","1","7","void matrixMulCUDA<int=32>(float*, float*, float*, int, int)",265
382.435901,92.771000,20,10,1,32,32,1,30,8.000000,0,,,,,"Quadro P6000 (0)","1","7","void matrixMulCUDA<int=32>(float*, float*, float*, int, int)",266
382.529120,92.387000,20,10,1,32,32,1,30,8.000000,0,,,,,"Quadro P6000 (0)","1","7","void matrixMulCUDA<int=32>(float*, float*, float*, int, int)",267
382.622019,92.323000,20,10,1,32,32,1,30,8.000000,0,,,,,"Quadro P6000 (0)","1","7","void matrixMulCUDA<int=32>(float*, float*, float*, int, int)",268
382.714854,92.291000,20,10,1,32,32,1,30,8.000000,0,,,,,"Quadro P6000 (0)","1","7","void matrixMulCUDA<int=32>(float*, float*, float*, int, int)",269
382.807657,92.610000,20,10,1,32,32,1,30,8.000000,0,,,,,"Quadro P6000 (0)","1","7","void matrixMulCUDA<int=32>(float*, float*, float*, int, int)",270
382.900779,92.611000,20,10,1,32,32,1,30,8.000000,0,,,,,"Quadro P6000 (0)","1","7","void matrixMulCUDA<int=32>(float*, float*, float*, int, int)",271
382.993838,92.355000,20,10,1,32,32,1,30,8.000000,0,,,,,"Quadro P6000 (0)","1","7","void matrixMulCUDA<int=32>(float*, float*, float*, int, int)",272
383.086705,92.675000,20,10,1,32,32,1,30,8.000000,0,,,,,"Quadro P6000 (0)","1","7","void matrixMulCUDA<int=32>(float*, float*, float*, int, int)",273
383.179924,93.699000,20,10,1,32,32,1,30,8.000000,0,,,,,"Quadro P6000 (0)","1","7","void matrixMulCUDA<int=32>(float*, float*, float*, int, int)",274
383.274135,92.514000,20,10,1,32,32,1,30,8.000000,0,,,,,"Quadro P6000 (0)","1","7","void matrixMulCUDA<int=32>(float*, float*, float*, int, int)",275
383.367161,92.675000,20,10,1,32,32,1,30,8.000000,0,,,,,"Quadro P6000 (0)","1","7","void matrixMulCUDA<int=32>(float*, float*, float*, int, int)",276
383.460348,92.579000,20,10,1,32,32,1,30,8.000000,0,,,,,"Quadro P6000 (0)","1","7","void matrixMulCUDA<int=32>(float*, float*, float*, int, int)",277
383.553375,92.931000,20,10,1,32,32,1,30,8.000000,0,,,,,"Quadro P6000 (0)","1","7","void matrixMulCUDA<int=32>(float*, float*, float*, int, int)",278
383.646818,92.995000,20,10,1,32,32,1,30,8.000000,0,,,,,"Quadro P6000 (0)","1","7","void matrixMulCUDA<int=32>(float*, float*, float*, int, int)",279
383.740357,92.578000,20,10,1,32,32,1,30,8.000000,0,,,,,"Quadro P6000 (0)","1","7","void matrixMulCUDA<int=32>(float*, float*, float*, int, int)",280
383.833479,92.835000,20,10,1,32,32,1,30,8.000000,0,,,,,"Quadro P6000 (0)","1","7","void matrixMulCUDA<int=32>(float*, float*, float*, int, int)",281
383.926826,93.635000,20,10,1,32,32,1,30,8.000000,0,,,,,"Quadro P6000 (0)","1","7","void matrixMulCUDA<int=32>(float*, float*, float*, int, int)",282
384.020941,92.387000,20,10,1,32,32,1,30,8.000000,0,,,,,"Quadro P6000 (0)","1","7","void matrixMulCUDA<int=32>(float*, float*, float*, int, int)",283
384.113872,93.219000,20,10,1,32,32,1,30,8.000000,0,,,,,"Quadro P6000 (0)","1","7","void matrixMulCUDA<int=32>(float*, float*, float*, int, int)",284
384.207603,92.579000,20,10,1,32,32,1,30,8.000000,0,,,,,"Quadro P6000 (0)","1","7","void matrixMulCUDA<int=32>(float*, float*, float*, int, int)",285
384.300630,92.546000,20,10,1,32,32,1,30,8.000000,0,,,,,"Quadro P6000 (0)","1","7","void matrixMulCUDA<int=32>(float*, float*, float*, int, int)",286
384.393688,93.091000,20,10,1,32,32,1,30,8.000000,0,,,,,"Quadro P6000 (0)","1","7","void matrixMulCUDA<int=32>(float*, float*, float*, int, int)",287
384.487291,92.419000,20,10,1,32,32,1,30,8.000000,0,,,,,"Quadro P6000 (0)","1","7","void matrixMulCUDA<int=32>(float*, float*, float*, int, int)",288
384.580222,92.931000,20,10,1,32,32,1,30,8.000000,0,,,,,"Quadro P6000 (0)","1","7","void matrixMulCUDA<int=32>(float*, float*, float*, int, int)",289
384.673697,93.411000,20,10,1,32,32,1,30,8.000000,0,,,,,"Quadro P6000 (0)","1","7","void matrixMulCUDA<int=32>(float*, float*, float*, int, int)",290
384.767620,92.866000,20,10,1,32,32,1,30,8.000000,0,,,,,"Quadro P6000 (0)","1","7","void matrixMulCUDA<int=32>(float*, float*, float*, int, int)",291
384.860998,93.251000,20,10,1,32,32,1,30,8.000000,0,,,,,"Quadro P6000 (0)","1","7","void matrixMulCUDA<int=32>(float*, float*, float*, int, int)",292
384.954793,92.515000,20,10,1,32,32,1,30,8.000000,0,,,,,"Quadro P6000 (0)","1","7","void matrixMulCUDA<int=32>(float*, float*, float*, int, int)",293
385.047884,92.835000,20,10,1,32,32,1,30,8.000000,0,,,,,"Quadro P6000 (0)","1","7","void matrixMulCUDA<int=32>(float*, float*, float*, int, int)",294
385.141231,93.091000,20,10,1,32,32,1,30,8.000000,0,,,,,"Quadro P6000 (0)","1","7","void matrixMulCUDA<int=32>(float*, float*, float*, int, int)",295
385.234834,92.930000,20,10,1,32,32,1,30,8.000000,0,,,,,"Quadro P6000 (0)","1","7","void matrixMulCUDA<int=32>(float*, float*, float*, int, int)",296
385.328212,93.507000,20,10,1,32,32,1,30,8.000000,0,,,,,"Quadro P6000 (0)","1","7","void matrixMulCUDA<int=32>(float*, float*, float*, int, int)",297
385.422295,92.707000,20,10,1,32,32,1,30,8.000000,0,,,,,"Quadro P6000 (0)","1","7","void matrixMulCUDA<int=32>(float*, float*, float*, int, int)",298
385.515546,92.835000,20,10,1,32,32,1,30,8.000000,0,,,,,"Quadro P6000 (0)","1","7","void matrixMulCUDA<int=32>(float*, float*, float*, int, int)",299
385.608893,92.931000,20,10,1,32,32,1,30,8.000000,0,,,,,"Quadro P6000 (0)","1","7","void matrixMulCUDA<int=32>(float*, float*, float*, int, int)",300
385.702336,92.803000,20,10,1,32,32,1,30,8.000000,0,,,,,"Quadro P6000 (0)","1","7","void matrixMulCUDA<int=32>(float*, float*, float*, int, int)",301
385.795555,92.994000,20,10,1,32,32,1,30,8.000000,0,,,,,"Quadro P6000 (0)","1","7","void matrixMulCUDA<int=32>(float*, float*, float*, int, int)",302
385.888997,92.995000,20,10,1,32,32,1,30,8.000000,0,,,,,"Quadro P6000 (0)","1","7","void matrixMulCUDA<int=32>(float*, float*, float*, int, int)",303
385.982504,92.419000,20,10,1,32,32,1,30,8.000000,0,,,,,"Quadro P6000 (0)","1","7","void matrixMulCUDA<int=32>(float*, float*, float*, int, int)",304
386.075435,93.155000,20,10,1,32,32,1,30,8.000000,0,,,,,"Quadro P6000 (0)","1","7","void matrixMulCUDA<int=32>(float*, float*, float*, int, int)",305
386.169134,92.291000,20,10,1,32,32,1,30,8.000000,0,,,,,"Quadro P6000 (0)","1","7","void matrixMulCUDA<int=32>(float*, float*, float*, int, int)",306
386.261937,92.738000,20,10,1,32,32,1,30,8.000000,0,,,,,"Quadro P6000 (0)","1","7","void matrixMulCUDA<int=32>(float*, float*, float*, int, int)",307
386.355219,92.579000,20,10,1,32,32,1,30,8.000000,0,,,,,"Quadro P6000 (0)","1","7","void matrixMulCUDA<int=32>(float*, float*, float*, int, int)",308
386.448310,92.451000,20,10,1,32,32,1,30,8.000000,0,,,,,"Quadro P6000 (0)","1","7","void matrixMulCUDA<int=32>(float*, float*, float*, int, int)",309
386.541337,92.643000,20,10,1,32,32,1,30,8.000000,0,,,,,"Quadro P6000 (0)","1","7","void matrixMulCUDA<int=32>(float*, float*, float*, int, int)",310
386.634460,92.771000,20,10,1,32,32,1,30,8.000000,0,,,,,"Quadro P6000 (0)","1","7","void matrixMulCUDA<int=32>(float*, float*, float*, int, int)",311
386.727711,92.866000,20,10,1,32,32,1,30,8.000000,0,,,,,"Quadro P6000 (0)","1","7","void matrixMulCUDA<int=32>(float*, float*, float*, int, int)",312
386.821089,93.219000,20,10,1,32,32,1,30,8.000000,0,,,,,"Quadro P6000 (0)","1","7","void matrixMulCUDA<int=32>(float*, float*, float*, int, int)",313
386.914820,92.483000,20,10,1,32,32,1,30,8.000000,0,,,,,"Quadro P6000 (0)","1","7","void matrixMulCUDA<int=32>(float*, float*, float*, int, int)",314
387.007847,92.579000,20,10,1,32,32,1,30,8.000000,0,,,,,"Quadro P6000 (0)","1","7","void matrixMulCUDA<int=32>(float*, float*, float*, int, int)",315
387.100874,93.187000,20,10,1,32,32,1,30,8.000000,0,,,,,"Quadro P6000 (0)","1","7","void matrixMulCUDA<int=32>(float*, float*, float*, int, int)",316
387.194605,92.898000,20,10,1,32,32,1,30,8.000000,0,,,,,"Quadro P6000 (0)","1","7","void matrixMulCUDA<int=32>(float*, float*, float*, int, int)",317
387.288015,92.515000,20,10,1,32,32,1,30,8.000000,0,,,,,"Quadro P6000 (0)","1","7","void matrixMulCUDA<int=32>(float*, float*, float*, int, int)",318
387.381042,92.707000,20,10,1,32,32,1,30,8.000000,0,,,,,"Quadro P6000 (0)","1","7","void matrixMulCUDA<int=32>(float*, float*, float*, int, int)",319
387.474293,92.643000,20,10,1,32,32,1,30,8.000000,0,,,,,"Quadro P6000 (0)","1","7","void matrixMulCUDA<int=32>(float*, float*, float*, int, int)",320
387.567352,92.803000,20,10,1,32,32,1,30,8.000000,0,,,,,"Quadro P6000 (0)","1","7","void matrixMulCUDA<int=32>(float*, float*, float*, int, int)",321
387.660699,92.546000,20,10,1,32,32,1,30,8.000000,0,,,,,"Quadro P6000 (0)","1","7","void matrixMulCUDA<int=32>(float*, float*, float*, int, int)",322
387.753757,92.675000,20,10,1,32,32,1,30,8.000000,0,,,,,"Quadro P6000 (0)","1","7","void matrixMulCUDA<int=32>(float*, float*, float*, int, int)",323
387.846944,92.771000,20,10,1,32,32,1,30,8.000000,0,,,,,"Quadro P6000 (0)","1","7","void matrixMulCUDA<int=32>(float*, float*, float*, int, int)",324
387.940259,92.579000,20,10,1,32,32,1,30,8.000000,0,,,,,"Quadro P6000 (0)","1","7","void matrixMulCUDA<int=32>(float*, float*, float*, int, int)",325
388.033286,93.155000,20,10,1,32,32,1,30,8.000000,0,,,,,"Quadro P6000 (0)","1","7","void matrixMulCUDA<int=32>(float*, float*, float*, int, int)",326
388.126921,92.578000,20,10,1,32,32,1,30,8.000000,0,,,,,"Quadro P6000 (0)","1","7","void matrixMulCUDA<int=32>(float*, float*, float*, int, int)",327
388.219947,93.027000,20,10,1,32,32,1,30,8.000000,0,,,,,"Quadro P6000 (0)","1","7","void matrixMulCUDA<int=32>(float*, float*, float*, int, int)",328
388.313518,92.803000,20,10,1,32,32,1,30,8.000000,0,,,,,"Quadro P6000 (0)","1","7","void matrixMulCUDA<int=32>(float*, float*, float*, int, int)",329
388.406833,92.419000,20,10,1,32,32,1,30,8.000000,0,,,,,"Quadro P6000 (0)","1","7","void matrixMulCUDA<int=32>(float*, float*, float*, int, int)",330
388.499700,92.835000,20,10,1,32,32,1,30,8.000000,0,,,,,"Quadro P6000 (0)","1","7","void matrixMulCUDA<int=32>(float*, float*, float*, int, int)",331
388.593015,92.834000,20,10,1,32,32,1,30,8.000000,0,,,,,"Quadro P6000 (0)","1","7","void matrixMulCUDA<int=32>(float*, float*, float*, int, int)",332
388.686361,92.835000,20,10,1,32,32,1,30,8.000000,0,,,,,"Quadro P6000 (0)","1","7","void matrixMulCUDA<int=32>(float*, float*, float*, int, int)",333
388.779676,92.419000,20,10,1,32,32,1,30,8.000000,0,,,,,"Quadro P6000 (0)","1","7","void matrixMulCUDA<int=32>(float*, float*, float*, int, int)",334
388.872575,92.515000,20,10,1,32,32,1,30,8.000000,0,,,,,"Quadro P6000 (0)","1","7","void matrixMulCUDA<int=32>(float*, float*, float*, int, int)",335
388.965602,92.707000,20,10,1,32,32,1,30,8.000000,0,,,,,"Quadro P6000 (0)","1","7","void matrixMulCUDA<int=32>(float*, float*, float*, int, int)",336
389.058853,92.514000,20,10,1,32,32,1,30,8.000000,0,,,,,"Quadro P6000 (0)","1","7","void matrixMulCUDA<int=32>(float*, float*, float*, int, int)",337
389.151879,92.835000,20,10,1,32,32,1,30,8.000000,0,,,,,"Quadro P6000 (0)","1","7","void matrixMulCUDA<int=32>(float*, float*, float*, int, int)",338
389.245226,92.931000,20,10,1,32,32,1,30,8.000000,0,,,,,"Quadro P6000 (0)","1","7","void matrixMulCUDA<int=32>(float*, float*, float*, int, int)",339
389.338637,92.387000,20,10,1,32,32,1,30,8.000000,0,,,,,"Quadro P6000 (0)","1","7","void matrixMulCUDA<int=32>(float*, float*, float*, int, int)",340
389.431568,92.515000,20,10,1,32,32,1,30,8.000000,0,,,,,"Quadro P6000 (0)","1","7","void matrixMulCUDA<int=32>(float*, float*, float*, int, int)",341
389.524595,92.450000,20,10,1,32,32,1,30,8.000000,0,,,,,"Quadro P6000 (0)","1","7","void matrixMulCUDA<int=32>(float*, float*, float*, int, int)",342
389.617621,92.611000,20,10,1,32,32,1,30,8.000000,0,,,,,"Quadro P6000 (0)","1","7","void matrixMulCUDA<int=32>(float*, float*, float*, int, int)",343
389.710808,93.283000,20,10,1,32,32,1,30,8.000000,0,,,,,"Quadro P6000 (0)","1","7","void matrixMulCUDA<int=32>(float*, float*, float*, int, int)",344
389.804667,92.931000,20,10,1,32,32,1,30,8.000000,0,,,,,"Quadro P6000 (0)","1","7","void matrixMulCUDA<int=32>(float*, float*, float*, int, int)",345
389.898142,93.347000,20,10,1,32,32,1,30,8.000000,0,,,,,"Quadro P6000 (0)","1","7","void matrixMulCUDA<int=32>(float*, float*, float*, int, int)",346
389.992001,92.803000,20,10,1,32,32,1,30,8.000000,0,,,,,"Quadro P6000 (0)","1","7","void matrixMulCUDA<int=32>(float*, float*, float*, int, int)",347
390.085348,92.802000,20,10,1,32,32,1,30,8.000000,0,,,,,"Quadro P6000 (0)","1","7","void matrixMulCUDA<int=32>(float*, float*, float*, int, int)",348
390.178662,92.771000,20,10,1,32,32,1,30,8.000000,0,,,,,"Quadro P6000 (0)","1","7","void matrixMulCUDA<int=32>(float*, float*, float*, int, int)",349
390.271881,92.419000,20,10,1,32,32,1,30,8.000000,0,,,,,"Quadro P6000 (0)","1","7","void matrixMulCUDA<int=32>(float*, float*, float*, int, int)",350
390.364812,92.771000,20,10,1,32,32,1,30,8.000000,0,,,,,"Quadro P6000 (0)","1","7","void matrixMulCUDA<int=32>(float*, float*, float*, int, int)",351
390.458031,92.547000,20,10,1,32,32,1,30,8.000000,0,,,,,"Quadro P6000 (0)","1","7","void matrixMulCUDA<int=32>(float*, float*, float*, int, int)",352
390.551090,93.218000,20,10,1,32,32,1,30,8.000000,0,,,,,"Quadro P6000 (0)","1","7","void matrixMulCUDA<int=32>(float*, float*, float*, int, int)",353
390.644852,93.699000,20,10,1,32,32,1,30,8.000000,0,,,,,"Quadro P6000 (0)","1","7","void matrixMulCUDA<int=32>(float*, float*, float*, int, int)",354
390.739063,92.899000,20,10,1,32,32,1,30,8.000000,0,,,,,"Quadro P6000 (0)","1","7","void matrixMulCUDA<int=32>(float*, float*, float*, int, int)",355
390.832474,92.611000,20,10,1,32,32,1,30,8.000000,0,,,,,"Quadro P6000 (0)","1","7","void matrixMulCUDA<int=32>(float*, float*, float*, int, int)",356
390.925565,92.419000,20,10,1,32,32,1,30,8.000000,0,,,,,"Quadro P6000 (0)","1","7","void matrixMulCUDA<int=32>(float*, float*, float*, int, int)",357
391.018496,92.770000,20,10,1,32,32,1,30,8.000000,0,,,,,"Quadro P6000 (0)","1","7","void matrixMulCUDA<int=32>(float*, float*, float*, int, int)",358
391.111778,92.355000,20,10,1,32,32,1,30,8.000000,0,,,,,"Quadro P6000 (0)","1","7","void matrixMulCUDA<int=32>(float*, float*, float*, int, int)",359
391.204581,93.091000,20,10,1,32,32,1,30,8.000000,0,,,,,"Quadro P6000 (0)","1","7","void matrixMulCUDA<int=32>(float*, float*, float*, int, int)",360
391.298184,93.123000,20,10,1,32,32,1,30,8.000000,0,,,,,"Quadro P6000 (0)","1","7","void matrixMulCUDA<int=32>(float*, float*, float*, int, int)",361
391.391819,93.091000,20,10,1,32,32,1,30,8.000000,0,,,,,"Quadro P6000 (0)","1","7","void matrixMulCUDA<int=32>(float*, float*, float*, int, int)",362
391.485358,92.802000,20,10,1,32,32,1,30,8.000000,0,,,,,"Quadro P6000 (0)","1","7","void matrixMulCUDA<int=32>(float*, float*, float*, int, int)",363
391.578672,92.771000,20,10,1,32,32,1,30,8.000000,0,,,,,"Quadro P6000 (0)","1","7","void matrixMulCUDA<int=32>(float*, float*, float*, int, int)",364
391.671923,92.611000,20,10,1,32,32,1,30,8.000000,0,,,,,"Quadro P6000 (0)","1","7","void matrixMulCUDA<int=32>(float*, float*, float*, int, int)",365
391.765078,92.259000,20,10,1,32,32,1,30,8.000000,0,,,,,"Quadro P6000 (0)","1","7","void matrixMulCUDA<int=32>(float*, float*, float*, int, int)",366
391.857881,92.355000,20,10,1,32,32,1,30,8.000000,0,,,,,"Quadro P6000 (0)","1","7","void matrixMulCUDA<int=32>(float*, float*, float*, int, int)",367
391.950812,93.731000,20,10,1,32,32,1,30,8.000000,0,,,,,"Quadro P6000 (0)","1","7","void matrixMulCUDA<int=32>(float*, float*, float*, int, int)",368
392.045055,92.290000,20,10,1,32,32,1,30,8.000000,0,,,,,"Quadro P6000 (0)","1","7","void matrixMulCUDA<int=32>(float*, float*, float*, int, int)",369
392.137825,92.579000,20,10,1,32,32,1,30,8.000000,0,,,,,"Quadro P6000 (0)","1","7","void matrixMulCUDA<int=32>(float*, float*, float*, int, int)",370
392.230916,93.027000,20,10,1,32,32,1,30,8.000000,0,,,,,"Quadro P6000 (0)","1","7","void matrixMulCUDA<int=32>(float*, float*, float*, int, int)",371
392.324487,92.643000,20,10,1,32,32,1,30,8.000000,0,,,,,"Quadro P6000 (0)","1","7","void matrixMulCUDA<int=32>(float*, float*, float*, int, int)",372
392.417674,92.515000,20,10,1,32,32,1,30,8.000000,0,,,,,"Quadro P6000 (0)","1","7","void matrixMulCUDA<int=32>(float*, float*, float*, int, int)",373
392.510733,92.962000,20,10,1,32,32,1,30,8.000000,0,,,,,"Quadro P6000 (0)","1","7","void matrixMulCUDA<int=32>(float*, float*, float*, int, int)",374
392.604207,92.963000,20,10,1,32,32,1,30,8.000000,0,,,,,"Quadro P6000 (0)","1","7","void matrixMulCUDA<int=32>(float*, float*, float*, int, int)",375
392.697682,93.507000,20,10,1,32,32,1,30,8.000000,0,,,,,"Quadro P6000 (0)","1","7","void matrixMulCUDA<int=32>(float*, float*, float*, int, int)",376
392.791701,92.739000,20,10,1,32,32,1,30,8.000000,0,,,,,"Quadro P6000 (0)","1","7","void matrixMulCUDA<int=32>(float*, float*, float*, int, int)",377
392.884920,92.611000,20,10,1,32,32,1,30,8.000000,0,,,,,"Quadro P6000 (0)","1","7","void matrixMulCUDA<int=32>(float*, float*, float*, int, int)",378
392.977979,92.706000,20,10,1,32,32,1,30,8.000000,0,,,,,"Quadro P6000 (0)","1","7","void matrixMulCUDA<int=32>(float*, float*, float*, int, int)",379
393.071229,92.323000,20,10,1,32,32,1,30,8.000000,0,,,,,"Quadro P6000 (0)","1","7","void matrixMulCUDA<int=32>(float*, float*, float*, int, int)",380
393.164064,92.803000,20,10,1,32,32,1,30,8.000000,0,,,,,"Quadro P6000 (0)","1","7","void matrixMulCUDA<int=32>(float*, float*, float*, int, int)",381
393.257379,92.643000,20,10,1,32,32,1,30,8.000000,0,,,,,"Quadro P6000 (0)","1","7","void matrixMulCUDA<int=32>(float*, float*, float*, int, int)",382
393.350534,93.251000,20,10,1,32,32,1,30,8.000000,0,,,,,"Quadro P6000 (0)","1","7","void matrixMulCUDA<int=32>(float*, float*, float*, int, int)",383
393.444329,92.866000,20,10,1,32,32,1,30,8.000000,0,,,,,"Quadro P6000 (0)","1","7","void matrixMulCUDA<int=32>(float*, float*, float*, int, int)",384
393.537771,93.443000,20,10,1,32,32,1,30,8.000000,0,,,,,"Quadro P6000 (0)","1","7","void matrixMulCUDA<int=32>(float*, float*, float*, int, int)",385
393.631758,92.771000,20,10,1,32,32,1,30,8.000000,0,,,,,"Quadro P6000 (0)","1","7","void matrixMulCUDA<int=32>(float*, float*, float*, int, int)",386
393.725073,92.835000,20,10,1,32,32,1,30,8.000000,0,,,,,"Quadro P6000 (0)","1","7","void matrixMulCUDA<int=32>(float*, float*, float*, int, int)",387
393.818420,92.675000,20,10,1,32,32,1,30,8.000000,0,,,,,"Quadro P6000 (0)","1","7","void matrixMulCUDA<int=32>(float*, float*, float*, int, int)",388
393.911607,92.802000,20,10,1,32,32,1,30,8.000000,0,,,,,"Quadro P6000 (0)","1","7","void matrixMulCUDA<int=32>(float*, float*, float*, int, int)",389
394.004889,92.643000,20,10,1,32,32,1,30,8.000000,0,,,,,"Quadro P6000 (0)","1","7","void matrixMulCUDA<int=32>(float*, float*, float*, int, int)",390
394.097980,92.451000,20,10,1,32,32,1,30,8.000000,0,,,,,"Quadro P6000 (0)","1","7","void matrixMulCUDA<int=32>(float*, float*, float*, int, int)",391
394.190975,93.059000,20,10,1,32,32,1,30,8.000000,0,,,,,"Quadro P6000 (0)","1","7","void matrixMulCUDA<int=32>(float*, float*, float*, int, int)",392
394.284578,92.867000,20,10,1,32,32,1,30,8.000000,0,,,,,"Quadro P6000 (0)","1","7","void matrixMulCUDA<int=32>(float*, float*, float*, int, int)",393
394.377957,92.642000,20,10,1,32,32,1,30,8.000000,0,,,,,"Quadro P6000 (0)","1","7","void matrixMulCUDA<int=32>(float*, float*, float*, int, int)",394
394.471112,93.090000,20,10,1,32,32,1,30,8.000000,0,,,,,"Quadro P6000 (0)","1","7","void matrixMulCUDA<int=32>(float*, float*, float*, int, int)",395
394.564618,92.643000,20,10,1,32,32,1,30,8.000000,0,,,,,"Quadro P6000 (0)","1","7","void matrixMulCUDA<int=32>(float*, float*, float*, int, int)",396
394.657773,92.643000,20,10,1,32,32,1,30,8.000000,0,,,,,"Quadro P6000 (0)","1","7","void matrixMulCUDA<int=32>(float*, float*, float*, int, int)",397
394.750928,92.419000,20,10,1,32,32,1,30,8.000000,0,,,,,"Quadro P6000 (0)","1","7","void matrixMulCUDA<int=32>(float*, float*, float*, int, int)",398
394.843891,92.611000,20,10,1,32,32,1,30,8.000000,0,,,,,"Quadro P6000 (0)","1","7","void matrixMulCUDA<int=32>(float*, float*, float*, int, int)",399
394.937078,92.834000,20,10,1,32,32,1,30,8.000000,0,,,,,"Quadro P6000 (0)","1","7","void matrixMulCUDA<int=32>(float*, float*, float*, int, int)",400
395.030456,92.899000,20,10,1,32,32,1,30,8.000000,0,,,,,"Quadro P6000 (0)","1","7","void matrixMulCUDA<int=32>(float*, float*, float*, int, int)",401
395.123899,93.411000,20,10,1,32,32,1,30,8.000000,0,,,,,"Quadro P6000 (0)","1","7","void matrixMulCUDA<int=32>(float*, float*, float*, int, int)",402
395.217886,92.931000,20,10,1,32,32,1,30,8.000000,0,,,,,"Quadro P6000 (0)","1","7","void matrixMulCUDA<int=32>(float*, float*, float*, int, int)",403
395.311329,92.579000,20,10,1,32,32,1,30,8.000000,0,,,,,"Quadro P6000 (0)","1","7","void matrixMulCUDA<int=32>(float*, float*, float*, int, int)",404
395.404388,92.418000,20,10,1,32,32,1,30,8.000000,0,,,,,"Quadro P6000 (0)","1","7","void matrixMulCUDA<int=32>(float*, float*, float*, int, int)",405
395.497350,92.675000,20,10,1,32,32,1,30,8.000000,0,,,,,"Quadro P6000 (0)","1","7","void matrixMulCUDA<int=32>(float*, float*, float*, int, int)",406
395.590569,93.475000,20,10,1,32,32,1,30,8.000000,0,,,,,"Quadro P6000 (0)","1","7","void matrixMulCUDA<int=32>(float*, float*, float*, int, int)",407
395.684556,91.939000,20,10,1,32,32,1,30,8.000000,0,,,,,"Quadro P6000 (0)","1","7","void matrixMulCUDA<int=32>(float*, float*, float*, int, int)",408
395.776943,93.507000,20,10,1,32,32,1,30,8.000000,0,,,,,"Quadro P6000 (0)","1","7","void matrixMulCUDA<int=32>(float*, float*, float*, int, int)",409
395.870962,93.122000,20,10,1,32,32,1,30,8.000000,0,,,,,"Quadro P6000 (0)","1","7","void matrixMulCUDA<int=32>(float*, float*, float*, int, int)",410
395.964596,92.515000,20,10,1,32,32,1,30,8.000000,0,,,,,"Quadro P6000 (0)","1","7","void matrixMulCUDA<int=32>(float*, float*, float*, int, int)",411
396.057655,93.187000,20,10,1,32,32,1,30,8.000000,0,,,,,"Quadro P6000 (0)","1","7","void matrixMulCUDA<int=32>(float*, float*, float*, int, int)",412
396.151418,92.547000,20,10,1,32,32,1,30,8.000000,0,,,,,"Quadro P6000 (0)","1","7","void matrixMulCUDA<int=32>(float*, float*, float*, int, int)",413
396.244509,92.611000,20,10,1,32,32,1,30,8.000000,0,,,,,"Quadro P6000 (0)","1","7","void matrixMulCUDA<int=32>(float*, float*, float*, int, int)",414
396.337664,93.026000,20,10,1,32,32,1,30,8.000000,0,,,,,"Quadro P6000 (0)","1","7","void matrixMulCUDA<int=32>(float*, float*, float*, int, int)",415
396.431266,92.803000,20,10,1,32,32,1,30,8.000000,0,,,,,"Quadro P6000 (0)","1","7","void matrixMulCUDA<int=32>(float*, float*, float*, int, int)",416
396.524581,92.675000,20,10,1,32,32,1,30,8.000000,0,,,,,"Quadro P6000 (0)","1","7","void matrixMulCUDA<int=32>(float*, float*, float*, int, int)",417
396.617736,93.347000,20,10,1,32,32,1,30,8.000000,0,,,,,"Quadro P6000 (0)","1","7","void matrixMulCUDA<int=32>(float*, float*, float*, int, int)",418
396.711627,92.771000,20,10,1,32,32,1,30,8.000000,0,,,,,"Quadro P6000 (0)","1","7","void matrixMulCUDA<int=32>(float*, float*, float*, int, int)",419
396.804942,92.739000,20,10,1,32,32,1,30,8.000000,0,,,,,"Quadro P6000 (0)","1","7","void matrixMulCUDA<int=32>(float*, float*, float*, int, int)",420
396.898129,92.482000,20,10,1,32,32,1,30,8.000000,0,,,,,"Quadro P6000 (0)","1","7","void matrixMulCUDA<int=32>(float*, float*, float*, int, int)",421
396.991123,92.867000,20,10,1,32,32,1,30,8.000000,0,,,,,"Quadro P6000 (0)","1","7","void matrixMulCUDA<int=32>(float*, float*, float*, int, int)",422
397.084502,92.739000,20,10,1,32,32,1,30,8.000000,0,,,,,"Quadro P6000 (0)","1","7","void matrixMulCUDA<int=32>(float*, float*, float*, int, int)",423
397.177753,92.643000,20,10,1,32,32,1,30,8.000000,0,,,,,"Quadro P6000 (0)","1","7","void matrixMulCUDA<int=32>(float*, float*, float*, int, int)",424
397.270876,92.547000,20,10,1,32,32,1,30,8.000000,0,,,,,"Quadro P6000 (0)","1","7","void matrixMulCUDA<int=32>(float*, float*, float*, int, int)",425
397.363935,93.122000,20,10,1,32,32,1,30,8.000000,0,,,,,"Quadro P6000 (0)","1","7","void matrixMulCUDA<int=32>(float*, float*, float*, int, int)",426
397.457505,93.027000,20,10,1,32,32,1,30,8.000000,0,,,,,"Quadro P6000 (0)","1","7","void matrixMulCUDA<int=32>(float*, float*, float*, int, int)",427
397.551076,92.611000,20,10,1,32,32,1,30,8.000000,0,,,,,"Quadro P6000 (0)","1","7","void matrixMulCUDA<int=32>(float*, float*, float*, int, int)",428
397.644231,92.611000,20,10,1,32,32,1,30,8.000000,0,,,,,"Quadro P6000 (0)","1","7","void matrixMulCUDA<int=32>(float*, float*, float*, int, int)",429
397.737354,93.059000,20,10,1,32,32,1,30,8.000000,0,,,,,"Quadro P6000 (0)","1","7","void matrixMulCUDA<int=32>(float*, float*, float*, int, int)",430
397.830925,92.770000,20,10,1,32,32,1,30,8.000000,0,,,,,"Quadro P6000 (0)","1","7","void matrixMulCUDA<int=32>(float*, float*, float*, int, int)",431
397.924239,92.227000,20,10,1,32,32,1,30,8.000000,0,,,,,"Quadro P6000 (0)","1","7","void matrixMulCUDA<int=32>(float*, float*, float*, int, int)",432
398.016978,92.611000,20,10,1,32,32,1,30,8.000000,0,,,,,"Quadro P6000 (0)","1","7","void matrixMulCUDA<int=32>(float*, float*, float*, int, int)",433
398.110037,93.443000,20,10,1,32,32,1,30,8.000000,0,,,,,"Quadro P6000 (0)","1","7","void matrixMulCUDA<int=32>(float*, float*, float*, int, int)",434
398.203992,92.995000,20,10,1,32,32,1,30,8.000000,0,,,,,"Quadro P6000 (0)","1","7","void matrixMulCUDA<int=32>(float*, float*, float*, int, int)",435
398.297499,92.578000,20,10,1,32,32,1,30,8.000000,0,,,,,"Quadro P6000 (0)","1","7","void matrixMulCUDA<int=32>(float*, float*, float*, int, int)",436
398.390493,92.579000,20,10,1,32,32,1,30,8.000000,0,,,,,"Quadro P6000 (0)","1","7","void matrixMulCUDA<int=32>(float*, float*, float*, int, int)",437
398.483488,92.611000,20,10,1,32,32,1,30,8.000000,0,,,,,"Quadro P6000 (0)","1","7","void matrixMulCUDA<int=32>(float*, float*, float*, int, int)",438
398.576611,92.643000,20,10,1,32,32,1,30,8.000000,0,,,,,"Quadro P6000 (0)","1","7","void matrixMulCUDA<int=32>(float*, float*, float*, int, int)",439
398.669766,93.027000,20,10,1,32,32,1,30,8.000000,0,,,,,"Quadro P6000 (0)","1","7","void matrixMulCUDA<int=32>(float*, float*, float*, int, int)",440
398.763273,93.762000,20,10,1,32,32,1,30,8.000000,0,,,,,"Quadro P6000 (0)","1","7","void matrixMulCUDA<int=32>(float*, float*, float*, int, int)",441
398.857547,92.963000,20,10,1,32,32,1,30,8.000000,0,,,,,"Quadro P6000 (0)","1","7","void matrixMulCUDA<int=32>(float*, float*, float*, int, int)",442
398.951054,93.411000,20,10,1,32,32,1,30,8.000000,0,,,,,"Quadro P6000 (0)","1","7","void matrixMulCUDA<int=32>(float*, float*, float*, int, int)",443
399.044977,92.547000,20,10,1,32,32,1,30,8.000000,0,,,,,"Quadro P6000 (0)","1","7","void matrixMulCUDA<int=32>(float*, float*, float*, int, int)",444
399.138036,92.547000,20,10,1,32,32,1,30,8.000000,0,,,,,"Quadro P6000 (0)","1","7","void matrixMulCUDA<int=32>(float*, float*, float*, int, int)",445
399.231095,92.322000,20,10,1,32,32,1,30,8.000000,0,,,,,"Quadro P6000 (0)","1","7","void matrixMulCUDA<int=32>(float*, float*, float*, int, int)",446
399.323962,92.450000,20,10,1,32,32,1,30,8.000000,0,,,,,"Quadro P6000 (0)","1","7","void matrixMulCUDA<int=32>(float*, float*, float*, int, int)",447
399.416860,92.707000,20,10,1,32,32,1,30,8.000000,0,,,,,"Quadro P6000 (0)","1","7","void matrixMulCUDA<int=32>(float*, float*, float*, int, int)",448
399.510079,92.803000,20,10,1,32,32,1,30,8.000000,0,,,,,"Quadro P6000 (0)","1","7","void matrixMulCUDA<int=32>(float*, float*, float*, int, int)",449
399.603426,93.763000,20,10,1,32,32,1,30,8.000000,0,,,,,"Quadro P6000 (0)","1","7","void matrixMulCUDA<int=32>(float*, float*, float*, int, int)",450
399.697733,92.963000,20,10,1,32,32,1,30,8.000000,0,,,,,"Quadro P6000 (0)","1","7","void matrixMulCUDA<int=32>(float*, float*, float*, int, int)",451
399.791240,92.418000,20,10,1,32,32,1,30,8.000000,0,,,,,"Quadro P6000 (0)","1","7","void matrixMulCUDA<int=32>(float*, float*, float*, int, int)",452
399.884170,92.483000,20,10,1,32,32,1,30,8.000000,0,,,,,"Quadro P6000 (0)","1","7","void matrixMulCUDA<int=32>(float*, float*, float*, int, int)",453
399.977197,92.547000,20,10,1,32,32,1,30,8.000000,0,,,,,"Quadro P6000 (0)","1","7","void matrixMulCUDA<int=32>(float*, float*, float*, int, int)",454
400.070256,92.547000,20,10,1,32,32,1,30,8.000000,0,,,,,"Quadro P6000 (0)","1","7","void matrixMulCUDA<int=32>(float*, float*, float*, int, int)",455
400.163315,92.611000,20,10,1,32,32,1,30,8.000000,0,,,,,"Quadro P6000 (0)","1","7","void matrixMulCUDA<int=32>(float*, float*, float*, int, int)",456
400.256374,92.578000,20,10,1,32,32,1,30,8.000000,0,,,,,"Quadro P6000 (0)","1","7","void matrixMulCUDA<int=32>(float*, float*, float*, int, int)",457
400.349464,93.027000,20,10,1,32,32,1,30,8.000000,0,,,,,"Quadro P6000 (0)","1","7","void matrixMulCUDA<int=32>(float*, float*, float*, int, int)",458
400.442971,93.219000,20,10,1,32,32,1,30,8.000000,0,,,,,"Quadro P6000 (0)","1","7","void matrixMulCUDA<int=32>(float*, float*, float*, int, int)",459
400.536766,92.195000,20,10,1,32,32,1,30,8.000000,0,,,,,"Quadro P6000 (0)","1","7","void matrixMulCUDA<int=32>(float*, float*, float*, int, int)",460
400.629505,92.643000,20,10,1,32,32,1,30,8.000000,0,,,,,"Quadro P6000 (0)","1","7","void matrixMulCUDA<int=32>(float*, float*, float*, int, int)",461
400.722660,92.546000,20,10,1,32,32,1,30,8.000000,0,,,,,"Quadro P6000 (0)","1","7","void matrixMulCUDA<int=32>(float*, float*, float*, int, int)",462
400.815750,92.803000,20,10,1,32,32,1,30,8.000000,0,,,,,"Quadro P6000 (0)","1","7","void matrixMulCUDA<int=32>(float*, float*, float*, int, int)",463
400.909097,92.771000,20,10,1,32,32,1,30,8.000000,0,,,,,"Quadro P6000 (0)","1","7","void matrixMulCUDA<int=32>(float*, float*, float*, int, int)",464
401.002380,92.451000,20,10,1,32,32,1,30,8.000000,0,,,,,"Quadro P6000 (0)","1","7","void matrixMulCUDA<int=32>(float*, float*, float*, int, int)",465
401.095343,92.611000,20,10,1,32,32,1,30,8.000000,0,,,,,"Quadro P6000 (0)","1","7","void matrixMulCUDA<int=32>(float*, float*, float*, int, int)",466
401.188498,93.666000,20,10,1,32,32,1,30,8.000000,0,,,,,"Quadro P6000 (0)","1","7","void matrixMulCUDA<int=32>(float*, float*, float*, int, int)",467
401.282740,92.675000,20,10,1,32,32,1,30,8.000000,0,,,,,"Quadro P6000 (0)","1","7","void matrixMulCUDA<int=32>(float*, float*, float*, int, int)",468
401.375927,92.835000,20,10,1,32,32,1,30,8.000000,0,,,,,"Quadro P6000 (0)","1","7","void matrixMulCUDA<int=32>(float*, float*, float*, int, int)",469
401.469242,92.739000,20,10,1,32,32,1,30,8.000000,0,,,,,"Quadro P6000 (0)","1","7","void matrixMulCUDA<int=32>(float*, float*, float*, int, int)",470
401.562525,92.771000,20,10,1,32,32,1,30,8.000000,0,,,,,"Quadro P6000 (0)","1","7","void matrixMulCUDA<int=32>(float*, float*, float*, int, int)",471
401.655808,92.738000,20,10,1,32,32,1,30,8.000000,0,,,,,"Quadro P6000 (0)","1","7","void matrixMulCUDA<int=32>(float*, float*, float*, int, int)",472
401.749090,92.867000,20,10,1,32,32,1,30,8.000000,0,,,,,"Quadro P6000 (0)","1","7","void matrixMulCUDA<int=32>(float*, float*, float*, int, int)",473
401.842469,92.899000,20,10,1,32,32,1,30,8.000000,0,,,,,"Quadro P6000 (0)","1","7","void matrixMulCUDA<int=32>(float*, float*, float*, int, int)",474
401.935880,93.539000,20,10,1,32,32,1,30,8.000000,0,,,,,"Quadro P6000 (0)","1","7","void matrixMulCUDA<int=32>(float*, float*, float*, int, int)",475
402.029963,93.315000,20,10,1,32,32,1,30,8.000000,0,,,,,"Quadro P6000 (0)","1","7","void matrixMulCUDA<int=32>(float*, float*, float*, int, int)",476
402.123790,93.347000,20,10,1,32,32,1,30,8.000000,0,,,,,"Quadro P6000 (0)","1","7","void matrixMulCUDA<int=32>(float*, float*, float*, int, int)",477
402.217649,92.322000,20,10,1,32,32,1,30,8.000000,0,,,,,"Quadro P6000 (0)","1","7","void matrixMulCUDA<int=32>(float*, float*, float*, int, int)",478
402.310483,92.579000,20,10,1,32,32,1,30,8.000000,0,,,,,"Quadro P6000 (0)","1","7","void matrixMulCUDA<int=32>(float*, float*, float*, int, int)",479
402.403510,92.483000,20,10,1,32,32,1,30,8.000000,0,,,,,"Quadro P6000 (0)","1","7","void matrixMulCUDA<int=32>(float*, float*, float*, int, int)",480
402.496409,92.291000,20,10,1,32,32,1,30,8.000000,0,,,,,"Quadro P6000 (0)","1","7","void matrixMulCUDA<int=32>(float*, float*, float*, int, int)",481
402.589212,92.835000,20,10,1,32,32,1,30,8.000000,0,,,,,"Quadro P6000 (0)","1","7","void matrixMulCUDA<int=32>(float*, float*, float*, int, int)",482
402.682591,93.410000,20,10,1,32,32,1,30,8.000000,0,,,,,"Quadro P6000 (0)","1","7","void matrixMulCUDA<int=32>(float*, float*, float*, int, int)",483
402.776545,92.867000,20,10,1,32,32,1,30,8.000000,0,,,,,"Quadro P6000 (0)","1","7","void matrixMulCUDA<int=32>(float*, float*, float*, int, int)",484
402.869924,93.091000,20,10,1,32,32,1,30,8.000000,0,,,,,"Quadro P6000 (0)","1","7","void matrixMulCUDA<int=32>(float*, float*, float*, int, int)",485
402.963495,92.611000,20,10,1,32,32,1,30,8.000000,0,,,,,"Quadro P6000 (0)","1","7","void matrixMulCUDA<int=32>(float*, float*, float*, int, int)",486
403.056650,92.291000,20,10,1,32,32,1,30,8.000000,0,,,,,"Quadro P6000 (0)","1","7","void matrixMulCUDA<int=32>(float*, float*, float*, int, int)",487
403.149389,92.290000,20,10,1,32,32,1,30,8.000000,0,,,,,"Quadro P6000 (0)","1","7","void matrixMulCUDA<int=32>(float*, float*, float*, int, int)",488
403.242223,92.451000,20,10,1,32,32,1,30,8.000000,0,,,,,"Quadro P6000 (0)","1","7","void matrixMulCUDA<int=32>(float*, float*, float*, int, int)",489
403.335250,93.059000,20,10,1,32,32,1,30,8.000000,0,,,,,"Quadro P6000 (0)","1","7","void matrixMulCUDA<int=32>(float*, float*, float*, int, int)",490
403.428821,93.507000,20,10,1,32,32,1,30,8.000000,0,,,,,"Quadro P6000 (0)","1","7","void matrixMulCUDA<int=32>(float*, float*, float*, int, int)",491
403.522872,93.443000,20,10,1,32,32,1,30,8.000000,0,,,,,"Quadro P6000 (0)","1","7","void matrixMulCUDA<int=32>(float*, float*, float*, int, int)",492
403.616763,92.386000,20,10,1,32,32,1,30,8.000000,0,,,,,"Quadro P6000 (0)","1","7","void matrixMulCUDA<int=32>(float*, float*, float*, int, int)",493
403.709629,92.291000,20,10,1,32,32,1,30,8.000000,0,,,,,"Quadro P6000 (0)","1","7","void matrixMulCUDA<int=32>(float*, float*, float*, int, int)",494
403.802432,92.387000,20,10,1,32,32,1,30,8.000000,0,,,,,"Quadro P6000 (0)","1","7","void matrixMulCUDA<int=32>(float*, float*, float*, int, int)",495
403.895331,92.547000,20,10,1,32,32,1,30,8.000000,0,,,,,"Quadro P6000 (0)","1","7","void matrixMulCUDA<int=32>(float*, float*, float*, int, int)",496
403.988422,92.803000,20,10,1,32,32,1,30,8.000000,0,,,,,"Quadro P6000 (0)","1","7","void matrixMulCUDA<int=32>(float*, float*, float*, int, int)",497
404.081673,92.514000,20,10,1,32,32,1,30,8.000000,0,,,,,"Quadro P6000 (0)","1","7","void matrixMulCUDA<int=32>(float*, float*, float*, int, int)",498
404.174635,92.835000,20,10,1,32,32,1,30,8.000000,0,,,,,"Quadro P6000 (0)","1","7","void matrixMulCUDA<int=32>(float*, float*, float*, int, int)",499
404.267982,93.667000,20,10,1,32,32,1,30,8.000000,0,,,,,"Quadro P6000 (0)","1","7","void matrixMulCUDA<int=32>(float*, float*, float*, int, int)",500
404.362193,92.899000,20,10,1,32,32,1,30,8.000000,0,,,,,"Quadro P6000 (0)","1","7","void matrixMulCUDA<int=32>(float*, float*, float*, int, int)",501
404.455636,92.387000,20,10,1,32,32,1,30,8.000000,0,,,,,"Quadro P6000 (0)","1","7","void matrixMulCUDA<int=32>(float*, float*, float*, int, int)",502
404.548567,92.546000,20,10,1,32,32,1,30,8.000000,0,,,,,"Quadro P6000 (0)","1","7","void matrixMulCUDA<int=32>(float*, float*, float*, int, int)",503
404.641657,92.195000,20,10,1,32,32,1,30,8.000000,0,,,,,"Quadro P6000 (0)","1","7","void matrixMulCUDA<int=32>(float*, float*, float*, int, int)",504
404.734364,92.739000,20,10,1,32,32,1,30,8.000000,0,,,,,"Quadro P6000 (0)","1","7","void matrixMulCUDA<int=32>(float*, float*, float*, int, int)",505
404.827647,92.195000,20,10,1,32,32,1,30,8.000000,0,,,,,"Quadro P6000 (0)","1","7","void matrixMulCUDA<int=32>(float*, float*, float*, int, int)",506
404.920354,93.123000,20,10,1,32,32,1,30,8.000000,0,,,,,"Quadro P6000 (0)","1","7","void matrixMulCUDA<int=32>(float*, float*, float*, int, int)",507
405.013925,93.282000,20,10,1,32,32,1,30,8.000000,0,,,,,"Quadro P6000 (0)","1","7","void matrixMulCUDA<int=32>(float*, float*, float*, int, int)",508
405.107719,93.091000,20,10,1,32,32,1,30,8.000000,0,,,,,"Quadro P6000 (0)","1","7","void matrixMulCUDA<int=32>(float*, float*, float*, int, int)",509
405.201322,92.675000,20,10,1,32,32,1,30,8.000000,0,,,,,"Quadro P6000 (0)","1","7","void matrixMulCUDA<int=32>(float*, float*, float*, int, int)",510
405.294509,92.483000,20,10,1,32,32,1,30,8.000000,0,,,,,"Quadro P6000 (0)","1","7","void matrixMulCUDA<int=32>(float*, float*, float*, int, int)",511
405.387536,92.515000,20,10,1,32,32,1,30,8.000000,0,,,,,"Quadro P6000 (0)","1","7","void matrixMulCUDA<int=32>(float*, float*, float*, int, int)",512
405.480595,92.578000,20,10,1,32,32,1,30,8.000000,0,,,,,"Quadro P6000 (0)","1","7","void matrixMulCUDA<int=32>(float*, float*, float*, int, int)",513
405.573718,92.994000,20,10,1,32,32,1,30,8.000000,0,,,,,"Quadro P6000 (0)","1","7","void matrixMulCUDA<int=32>(float*, float*, float*, int, int)",514
405.667224,92.643000,20,10,1,32,32,1,30,8.000000,0,,,,,"Quadro P6000 (0)","1","7","void matrixMulCUDA<int=32>(float*, float*, float*, int, int)",515
405.760379,92.867000,20,10,1,32,32,1,30,8.000000,0,,,,,"Quadro P6000 (0)","1","7","void matrixMulCUDA<int=32>(float*, float*, float*, int, int)",516
405.853726,92.771000,20,10,1,32,32,1,30,8.000000,0,,,,,"Quadro P6000 (0)","1","7","void matrixMulCUDA<int=32>(float*, float*, float*, int, int)",517
405.947041,92.739000,20,10,1,32,32,1,30,8.000000,0,,,,,"Quadro P6000 (0)","1","7","void matrixMulCUDA<int=32>(float*, float*, float*, int, int)",518
406.040292,93.282000,20,10,1,32,32,1,30,8.000000,0,,,,,"Quadro P6000 (0)","1","7","void matrixMulCUDA<int=32>(float*, float*, float*, int, int)",519
406.134150,92.483000,20,10,1,32,32,1,30,8.000000,0,,,,,"Quadro P6000 (0)","1","7","void matrixMulCUDA<int=32>(float*, float*, float*, int, int)",520
406.227145,92.387000,20,10,1,32,32,1,30,8.000000,0,,,,,"Quadro P6000 (0)","1","7","void matrixMulCUDA<int=32>(float*, float*, float*, int, int)",521
406.345389,63.106000,,,,,,,,,,800.000000,12.089808,"Device","Pageable","Quadro P6000 (0)","1","7","[CUDA memcpy DtoH]",525
